--USE [master]
--GO
--/****** Object:  Database [QLSach]    Script Date: 6/23/2015 12:13:44 AM ******/
--CREATE DATABASE [QLSach]
-- CONTAINMENT = NONE
-- ON  PRIMARY 
--( NAME = N'QLSach', FILENAME = N'C:\Program Files\Microsoft SQL Server\MSSQL11.SQLEXPRESS\MSSQL\DATA\QLSach.mdf' , SIZE = 3072KB , MAXSIZE = UNLIMITED, FILEGROWTH = 1024KB )
-- LOG ON 
--( NAME = N'QLSach_log', FILENAME = N'C:\Program Files\Microsoft SQL Server\MSSQL11.SQLEXPRESS\MSSQL\DATA\QLSach_log.ldf' , SIZE = 1024KB , MAXSIZE = 2048GB , FILEGROWTH = 10%)
--GO
--ALTER DATABASE [QLSach] SET COMPATIBILITY_LEVEL = 110
--GO
--IF (1 = FULLTEXTSERVICEPROPERTY('IsFullTextInstalled'))
begin
EXEC [QLSach].[dbo].[sp_fulltext_database] @action = 'enable'
end
GO
ALTER DATABASE [QLSach] SET ANSI_NULL_DEFAULT OFF 
GO
ALTER DATABASE [QLSach] SET ANSI_NULLS OFF 
GO
ALTER DATABASE [QLSach] SET ANSI_PADDING OFF 
GO
ALTER DATABASE [QLSach] SET ANSI_WARNINGS OFF 
GO
ALTER DATABASE [QLSach] SET ARITHABORT OFF 
GO
ALTER DATABASE [QLSach] SET AUTO_CLOSE OFF 
GO
ALTER DATABASE [QLSach] SET AUTO_CREATE_STATISTICS ON 
GO
ALTER DATABASE [QLSach] SET AUTO_SHRINK OFF 
GO
ALTER DATABASE [QLSach] SET AUTO_UPDATE_STATISTICS ON 
GO
ALTER DATABASE [QLSach] SET CURSOR_CLOSE_ON_COMMIT OFF 
GO
ALTER DATABASE [QLSach] SET CURSOR_DEFAULT  GLOBAL 
GO
ALTER DATABASE [QLSach] SET CONCAT_NULL_YIELDS_NULL OFF 
GO
ALTER DATABASE [QLSach] SET NUMERIC_ROUNDABORT OFF 
GO
ALTER DATABASE [QLSach] SET QUOTED_IDENTIFIER OFF 
GO
ALTER DATABASE [QLSach] SET RECURSIVE_TRIGGERS OFF 
GO
ALTER DATABASE [QLSach] SET  DISABLE_BROKER 
GO
ALTER DATABASE [QLSach] SET AUTO_UPDATE_STATISTICS_ASYNC OFF 
GO
ALTER DATABASE [QLSach] SET DATE_CORRELATION_OPTIMIZATION OFF 
GO
ALTER DATABASE [QLSach] SET TRUSTWORTHY OFF 
GO
ALTER DATABASE [QLSach] SET ALLOW_SNAPSHOT_ISOLATION OFF 
GO
ALTER DATABASE [QLSach] SET PARAMETERIZATION SIMPLE 
GO
ALTER DATABASE [QLSach] SET READ_COMMITTED_SNAPSHOT OFF 
GO
ALTER DATABASE [QLSach] SET HONOR_BROKER_PRIORITY OFF 
GO
ALTER DATABASE [QLSach] SET RECOVERY SIMPLE 
GO
ALTER DATABASE [QLSach] SET  MULTI_USER 
GO
ALTER DATABASE [QLSach] SET PAGE_VERIFY CHECKSUM  
GO
ALTER DATABASE [QLSach] SET DB_CHAINING OFF 
GO
ALTER DATABASE [QLSach] SET FILESTREAM( NON_TRANSACTED_ACCESS = OFF ) 
GO
ALTER DATABASE [QLSach] SET TARGET_RECOVERY_TIME = 0 SECONDS 
GO
USE [QLSach]
GO
/****** Object:  Table [dbo].[BINHLUAN]    Script Date: 6/23/2015 12:13:44 AM ******/
SET ANSI_NULLS ON
GO
SET QUOTED_IDENTIFIER ON
GO
SET ANSI_PADDING ON
GO
CREATE TABLE [dbo].[BINHLUAN](
	[MaBL] [nchar](30) NOT NULL,
	[TenNguoiGoi] [nchar](100) NULL,
	[NoiDung] [nchar](3000) NULL,
	[MaSach] [char](10) NULL,
	[Ngay] [date] NULL,
	[Gio] [time](7) NULL,
	[NgayGio] [datetime] NULL,
 CONSTRAINT [PK_BINHLUAN] PRIMARY KEY CLUSTERED 
(
	[MaBL] ASC
)WITH (PAD_INDEX = OFF, STATISTICS_NORECOMPUTE = OFF, IGNORE_DUP_KEY = OFF, ALLOW_ROW_LOCKS = ON, ALLOW_PAGE_LOCKS = ON) ON [PRIMARY]
) ON [PRIMARY]

GO
SET ANSI_PADDING OFF
GO
/****** Object:  Table [dbo].[CONFIG]    Script Date: 6/23/2015 12:13:44 AM ******/
SET ANSI_NULLS ON
GO
SET QUOTED_IDENTIFIER ON
GO
SET ANSI_PADDING ON
GO
CREATE TABLE [dbo].[CONFIG](
	[CFID] [char](10) NOT NULL,
	[BookIndexID] [int] NULL,
	[AccountIndexID] [int] NULL,
	[CommentIndexID] [int] NULL,
	[NewsIndexID] [int] NULL,
 CONSTRAINT [PK_CONFIG] PRIMARY KEY CLUSTERED 
(
	[CFID] ASC
)WITH (PAD_INDEX = OFF, STATISTICS_NORECOMPUTE = OFF, IGNORE_DUP_KEY = OFF, ALLOW_ROW_LOCKS = ON, ALLOW_PAGE_LOCKS = ON) ON [PRIMARY]
) ON [PRIMARY]

GO
SET ANSI_PADDING OFF
GO
/****** Object:  Table [dbo].[LOAISACH]    Script Date: 6/23/2015 12:13:44 AM ******/
SET ANSI_NULLS ON
GO
SET QUOTED_IDENTIFIER ON
GO
SET ANSI_PADDING ON
GO
CREATE TABLE [dbo].[LOAISACH](
	[MaLoai] [char](10) NOT NULL,
	[TenLoai] [nvarchar](50) NULL,
 CONSTRAINT [PK_LoaiSach] PRIMARY KEY CLUSTERED 
(
	[MaLoai] ASC
)WITH (PAD_INDEX = OFF, STATISTICS_NORECOMPUTE = OFF, IGNORE_DUP_KEY = OFF, ALLOW_ROW_LOCKS = ON, ALLOW_PAGE_LOCKS = ON) ON [PRIMARY]
) ON [PRIMARY]

GO
SET ANSI_PADDING OFF
GO
/****** Object:  Table [dbo].[NHAXUATBAN]    Script Date: 6/23/2015 12:13:44 AM ******/
SET ANSI_NULLS ON
GO
SET QUOTED_IDENTIFIER ON
GO
SET ANSI_PADDING ON
GO
CREATE TABLE [dbo].[NHAXUATBAN](
	[MaNXB] [char](10) NOT NULL,
	[TenNXB] [nvarchar](50) NULL,
	[DiaChi] [nvarchar](50) NULL,
 CONSTRAINT [PK_NHAXUATBAN] PRIMARY KEY CLUSTERED 
(
	[MaNXB] ASC
)WITH (PAD_INDEX = OFF, STATISTICS_NORECOMPUTE = OFF, IGNORE_DUP_KEY = OFF, ALLOW_ROW_LOCKS = ON, ALLOW_PAGE_LOCKS = ON) ON [PRIMARY]
) ON [PRIMARY]

GO
SET ANSI_PADDING OFF
GO
/****** Object:  Table [dbo].[NHOMSACH]    Script Date: 6/23/2015 12:13:44 AM ******/
SET ANSI_NULLS ON
GO
SET QUOTED_IDENTIFIER ON
GO
SET ANSI_PADDING ON
GO
CREATE TABLE [dbo].[NHOMSACH](
	[MaNhom] [char](10) NOT NULL,
	[TenNhom] [nvarchar](50) NULL,
	[Loai] [char](10) NULL,
 CONSTRAINT [PK_NHOMSACH] PRIMARY KEY CLUSTERED 
(
	[MaNhom] ASC
)WITH (PAD_INDEX = OFF, STATISTICS_NORECOMPUTE = OFF, IGNORE_DUP_KEY = OFF, ALLOW_ROW_LOCKS = ON, ALLOW_PAGE_LOCKS = ON) ON [PRIMARY]
) ON [PRIMARY]

GO
SET ANSI_PADDING OFF
GO
/****** Object:  Table [dbo].[SACH]    Script Date: 6/23/2015 12:13:44 AM ******/
SET ANSI_NULLS ON
GO
SET QUOTED_IDENTIFIER ON
GO
SET ANSI_PADDING ON
GO
CREATE TABLE [dbo].[SACH](
	[MaSach] [char](10) NOT NULL,
	[STT] [int] NULL,
	[TenSach] [nchar](200) NULL,
	[NhaXuatBan] [char](10) NULL,
	[TacGia] [nchar](100) NULL,
	[NhomSach] [char](10) NULL,
	[GioiThieuSach] [nvarchar](4000) NULL,
	[ThongTinMoTa] [nvarchar](4000) NULL,
	[SoTrang] [int] NULL,
	[GiaBan] [int] NULL,
	[TrangBia] [nchar](128) NULL,
	[LuotDanhGia] [int] NULL,
	[DanhGia] [float] NULL,
	[LuotXem] [int] NULL,
	[LuotMua] [int] NULL,
	[TinhTrang] [nchar](20) NULL,
 CONSTRAINT [PK_SACH] PRIMARY KEY CLUSTERED 
(
	[MaSach] ASC
)WITH (PAD_INDEX = OFF, STATISTICS_NORECOMPUTE = OFF, IGNORE_DUP_KEY = OFF, ALLOW_ROW_LOCKS = ON, ALLOW_PAGE_LOCKS = ON) ON [PRIMARY]
) ON [PRIMARY]

GO
SET ANSI_PADDING OFF
GO
/****** Object:  Table [dbo].[TINTUC]    Script Date: 6/23/2015 12:13:44 AM ******/
SET ANSI_NULLS ON
GO
SET QUOTED_IDENTIFIER ON
GO
CREATE TABLE [dbo].[TINTUC](
	[ID] [nchar](10) NOT NULL,
	[TIEUDE] [nvarchar](max) NULL,
	[TOMTAT] [ntext] NULL,
	[NOIDUNG] [ntext] NULL,
	[NGAYTAO] [date] NULL,
	[TACGIA] [nvarchar](50) NULL,
	[MINHHOA] [nvarchar](50) NULL,
 CONSTRAINT [PK_TINTUC] PRIMARY KEY CLUSTERED 
(
	[ID] ASC
)WITH (PAD_INDEX = OFF, STATISTICS_NORECOMPUTE = OFF, IGNORE_DUP_KEY = OFF, ALLOW_ROW_LOCKS = ON, ALLOW_PAGE_LOCKS = ON) ON [PRIMARY]
) ON [PRIMARY] TEXTIMAGE_ON [PRIMARY]

GO
INSERT [dbo].[BINHLUAN] ([MaBL], [TenNguoiGoi], [NoiDung], [MaSach], [Ngay], [Gio], [NgayGio]) VALUES (N'SA1220150623000212            ', N'33d                                                                                                 ', N'dsfdsfdsf                                                                                                                                                                                                                                                                                                                                                                                                                                                                                                                                                                                                                                                                                                                                                                                                                                                                                                                                                                                                                                                                                                                                                                                                                                                                                                                                                                                                                                                                                                                                                                                                                                                                                                                                                                                                                                                                                                                                                                                                                                                                                                                                                                                                                                                                                                                                                                                                                                                                                                                                                                                                                                                                                                                                                                                                                                                                                                                                                                                                                                                                                                               ', N'SA12      ', CAST(0x1B3A0B00 AS Date), CAST(0x07009AAD4E000000 AS Time), CAST(0x0000A4C000009AB0 AS DateTime))
INSERT [dbo].[BINHLUAN] ([MaBL], [TenNguoiGoi], [NoiDung], [MaSach], [Ngay], [Gio], [NgayGio]) VALUES (N'SA1620150621030141            ', N'admin                                                                                               ', N'Không có gì                                                                                                                                                                                                                                                                                                                                                                                                                                                                                                                                                                                                                                                                                                                                                                                                                                                                                                                                                                                                                                                                                                                                                                                                                                                                                                                                                                                                                                                                                                                                                                                                                                                                                                                                                                                                                                                                                                                                                                                                                                                                                                                                                                                                                                                                                                                                                                                                                                                                                                                                                                                                                                                                                                                                                                                                                                                                                                                                                                                                                                                                                                             ', N'SA16      ', CAST(0x193A0B00 AS Date), CAST(0x0780988061190000 AS Time), CAST(0x0000A4BE0031E69C AS DateTime))
INSERT [dbo].[BINHLUAN] ([MaBL], [TenNguoiGoi], [NoiDung], [MaSach], [Ngay], [Gio], [NgayGio]) VALUES (N'SA1620150621030149            ', N'admin2                                                                                              ', N'What                                                                                                                                                                                                                                                                                                                                                                                                                                                                                                                                                                                                                                                                                                                                                                                                                                                                                                                                                                                                                                                                                                                                                                                                                                                                                                                                                                                                                                                                                                                                                                                                                                                                                                                                                                                                                                                                                                                                                                                                                                                                                                                                                                                                                                                                                                                                                                                                                                                                                                                                                                                                                                                                                                                                                                                                                                                                                                                                                                                                                                                                                                                    ', N'SA16      ', CAST(0x193A0B00 AS Date), CAST(0x07804C4566190000 AS Time), CAST(0x0000A4BE0031EFFC AS DateTime))
INSERT [dbo].[BINHLUAN] ([MaBL], [TenNguoiGoi], [NoiDung], [MaSach], [Ngay], [Gio], [NgayGio]) VALUES (N'SA1620150621143131            ', N'admin                                                                                               ', N'sđsvdvd                                                                                                                                                                                                                                                                                                                                                                                                                                                                                                                                                                                                                                                                                                                                                                                                                                                                                                                                                                                                                                                                                                                                                                                                                                                                                                                                                                                                                                                                                                                                                                                                                                                                                                                                                                                                                                                                                                                                                                                                                                                                                                                                                                                                                                                                                                                                                                                                                                                                                                                                                                                                                                                                                                                                                                                                                                                                                                                                                                                                                                                                                                                 ', N'SA16      ', CAST(0x193A0B00 AS Date), CAST(0x078063DDBF790000 AS Time), CAST(0x0000A4BE00EF5E84 AS DateTime))
INSERT [dbo].[BINHLUAN] ([MaBL], [TenNguoiGoi], [NoiDung], [MaSach], [Ngay], [Gio], [NgayGio]) VALUES (N'SA1620150621143138            ', N'dfsdf                                                                                               ', N'dsfsđsfdsf                                                                                                                                                                                                                                                                                                                                                                                                                                                                                                                                                                                                                                                                                                                                                                                                                                                                                                                                                                                                                                                                                                                                                                                                                                                                                                                                                                                                                                                                                                                                                                                                                                                                                                                                                                                                                                                                                                                                                                                                                                                                                                                                                                                                                                                                                                                                                                                                                                                                                                                                                                                                                                                                                                                                                                                                                                                                                                                                                                                                                                                                                                              ', N'SA16      ', CAST(0x193A0B00 AS Date), CAST(0x07008109C4790000 AS Time), CAST(0x0000A4BE00EF66B8 AS DateTime))
INSERT [dbo].[BINHLUAN] ([MaBL], [TenNguoiGoi], [NoiDung], [MaSach], [Ngay], [Gio], [NgayGio]) VALUES (N'SA1620150621143144            ', N'ểwrefefxc                                                                                           ', N'fvfgfgfdg                                                                                                                                                                                                                                                                                                                                                                                                                                                                                                                                                                                                                                                                                                                                                                                                                                                                                                                                                                                                                                                                                                                                                                                                                                                                                                                                                                                                                                                                                                                                                                                                                                                                                                                                                                                                                                                                                                                                                                                                                                                                                                                                                                                                                                                                                                                                                                                                                                                                                                                                                                                                                                                                                                                                                                                                                                                                                                                                                                                                                                                                                                               ', N'SA16      ', CAST(0x193A0B00 AS Date), CAST(0x0700089DC7790000 AS Time), CAST(0x0000A4BE00EF6DC0 AS DateTime))
INSERT [dbo].[BINHLUAN] ([MaBL], [TenNguoiGoi], [NoiDung], [MaSach], [Ngay], [Gio], [NgayGio]) VALUES (N'SA1620150621143149            ', N'rrfdfgdfg                                                                                           ', N'dfgregvrev                                                                                                                                                                                                                                                                                                                                                                                                                                                                                                                                                                                                                                                                                                                                                                                                                                                                                                                                                                                                                                                                                                                                                                                                                                                                                                                                                                                                                                                                                                                                                                                                                                                                                                                                                                                                                                                                                                                                                                                                                                                                                                                                                                                                                                                                                                                                                                                                                                                                                                                                                                                                                                                                                                                                                                                                                                                                                                                                                                                                                                                                                                              ', N'SA16      ', CAST(0x193A0B00 AS Date), CAST(0x0780F897CA790000 AS Time), CAST(0x0000A4BE00EF739C AS DateTime))
INSERT [dbo].[BINHLUAN] ([MaBL], [TenNguoiGoi], [NoiDung], [MaSach], [Ngay], [Gio], [NgayGio]) VALUES (N'SA1620150621143153            ', N'rvrerbgrw                                                                                           ', N'ewrewfwefewf                                                                                                                                                                                                                                                                                                                                                                                                                                                                                                                                                                                                                                                                                                                                                                                                                                                                                                                                                                                                                                                                                                                                                                                                                                                                                                                                                                                                                                                                                                                                                                                                                                                                                                                                                                                                                                                                                                                                                                                                                                                                                                                                                                                                                                                                                                                                                                                                                                                                                                                                                                                                                                                                                                                                                                                                                                                                                                                                                                                                                                                                                                            ', N'SA16      ', CAST(0x193A0B00 AS Date), CAST(0x078052FACC790000 AS Time), CAST(0x0000A4BE00EF784C AS DateTime))
INSERT [dbo].[BINHLUAN] ([MaBL], [TenNguoiGoi], [NoiDung], [MaSach], [Ngay], [Gio], [NgayGio]) VALUES (N'SA1620150621143158            ', N'fgdfgdfdfds                                                                                         ', N'fewfegwazgaeg                                                                                                                                                                                                                                                                                                                                                                                                                                                                                                                                                                                                                                                                                                                                                                                                                                                                                                                                                                                                                                                                                                                                                                                                                                                                                                                                                                                                                                                                                                                                                                                                                                                                                                                                                                                                                                                                                                                                                                                                                                                                                                                                                                                                                                                                                                                                                                                                                                                                                                                                                                                                                                                                                                                                                                                                                                                                                                                                                                                                                                                                                                           ', N'SA16      ', CAST(0x193A0B00 AS Date), CAST(0x070043F5CF790000 AS Time), CAST(0x0000A4BE00EF7E28 AS DateTime))
INSERT [dbo].[BINHLUAN] ([MaBL], [TenNguoiGoi], [NoiDung], [MaSach], [Ngay], [Gio], [NgayGio]) VALUES (N'SA1620150621143208            ', N'regregstgtgrtg                                                                                      ', N'dsfsdrfdrs                                                                                                                                                                                                                                                                                                                                                                                                                                                                                                                                                                                                                                                                                                                                                                                                                                                                                                                                                                                                                                                                                                                                                                                                                                                                                                                                                                                                                                                                                                                                                                                                                                                                                                                                                                                                                                                                                                                                                                                                                                                                                                                                                                                                                                                                                                                                                                                                                                                                                                                                                                                                                                                                                                                                                                                                                                                                                                                                                                                                                                                                                                              ', N'SA16      ', CAST(0x193A0B00 AS Date), CAST(0x070024EBD5790000 AS Time), CAST(0x0000A4BE00EF89E0 AS DateTime))
INSERT [dbo].[BINHLUAN] ([MaBL], [TenNguoiGoi], [NoiDung], [MaSach], [Ngay], [Gio], [NgayGio]) VALUES (N'SA1620150621143246            ', N'rvgdgdfg                                                                                            ', N'dfgsrrdvrv                                                                                                                                                                                                                                                                                                                                                                                                                                                                                                                                                                                                                                                                                                                                                                                                                                                                                                                                                                                                                                                                                                                                                                                                                                                                                                                                                                                                                                                                                                                                                                                                                                                                                                                                                                                                                                                                                                                                                                                                                                                                                                                                                                                                                                                                                                                                                                                                                                                                                                                                                                                                                                                                                                                                                                                                                                                                                                                                                                                                                                                                                                              ', N'SA16      ', CAST(0x193A0B00 AS Date), CAST(0x07007B91EC790000 AS Time), CAST(0x0000A4BE00EFB668 AS DateTime))
INSERT [dbo].[BINHLUAN] ([MaBL], [TenNguoiGoi], [NoiDung], [MaSach], [Ngay], [Gio], [NgayGio]) VALUES (N'SA1620150621143256            ', N'ád                                                                                                  ', N'dfdfdfd                                                                                                                                                                                                                                                                                                                                                                                                                                                                                                                                                                                                                                                                                                                                                                                                                                                                                                                                                                                                                                                                                                                                                                                                                                                                                                                                                                                                                                                                                                                                                                                                                                                                                                                                                                                                                                                                                                                                                                                                                                                                                                                                                                                                                                                                                                                                                                                                                                                                                                                                                                                                                                                                                                                                                                                                                                                                                                                                                                                                                                                                                                                 ', N'SA16      ', CAST(0x193A0B00 AS Date), CAST(0x07005C87F2790000 AS Time), CAST(0x0000A4BE00EFC220 AS DateTime))
INSERT [dbo].[BINHLUAN] ([MaBL], [TenNguoiGoi], [NoiDung], [MaSach], [Ngay], [Gio], [NgayGio]) VALUES (N'SA1620150621143325            ', N'65765                                                                                               ', N'hjkhjhjl                                                                                                                                                                                                                                                                                                                                                                                                                                                                                                                                                                                                                                                                                                                                                                                                                                                                                                                                                                                                                                                                                                                                                                                                                                                                                                                                                                                                                                                                                                                                                                                                                                                                                                                                                                                                                                                                                                                                                                                                                                                                                                                                                                                                                                                                                                                                                                                                                                                                                                                                                                                                                                                                                                                                                                                                                                                                                                                                                                                                                                                                                                                ', N'SA16      ', CAST(0x193A0B00 AS Date), CAST(0x078068D0037A0000 AS Time), CAST(0x0000A4BE00EFE41C AS DateTime))
INSERT [dbo].[BINHLUAN] ([MaBL], [TenNguoiGoi], [NoiDung], [MaSach], [Ngay], [Gio], [NgayGio]) VALUES (N'SA1620150621143350            ', N'nbbv                                                                                                ', N'gfjygfg                                                                                                                                                                                                                                                                                                                                                                                                                                                                                                                                                                                                                                                                                                                                                                                                                                                                                                                                                                                                                                                                                                                                                                                                                                                                                                                                                                                                                                                                                                                                                                                                                                                                                                                                                                                                                                                                                                                                                                                                                                                                                                                                                                                                                                                                                                                                                                                                                                                                                                                                                                                                                                                                                                                                                                                                                                                                                                                                                                                                                                                                                                                 ', N'SA16      ', CAST(0x193A0B00 AS Date), CAST(0x07001BB7127A0000 AS Time), CAST(0x0000A4BE00F00168 AS DateTime))
INSERT [dbo].[BINHLUAN] ([MaBL], [TenNguoiGoi], [NoiDung], [MaSach], [Ngay], [Gio], [NgayGio]) VALUES (N'SA1620150621143420            ', N'sdasdas                                                                                             ', N'dáeasease                                                                                                                                                                                                                                                                                                                                                                                                                                                                                                                                                                                                                                                                                                                                                                                                                                                                                                                                                                                                                                                                                                                                                                                                                                                                                                                                                                                                                                                                                                                                                                                                                                                                                                                                                                                                                                                                                                                                                                                                                                                                                                                                                                                                                                                                                                                                                                                                                                                                                                                                                                                                                                                                                                                                                                                                                                                                                                                                                                                                                                                                                                               ', N'SA16      ', CAST(0x193A0B00 AS Date), CAST(0x0700BE98247A0000 AS Time), CAST(0x0000A4BE00F02490 AS DateTime))
INSERT [dbo].[BINHLUAN] ([MaBL], [TenNguoiGoi], [NoiDung], [MaSach], [Ngay], [Gio], [NgayGio]) VALUES (N'SA1620150621143521            ', N'ewdwe                                                                                               ', N'sdfdrdsr                                                                                                                                                                                                                                                                                                                                                                                                                                                                                                                                                                                                                                                                                                                                                                                                                                                                                                                                                                                                                                                                                                                                                                                                                                                                                                                                                                                                                                                                                                                                                                                                                                                                                                                                                                                                                                                                                                                                                                                                                                                                                                                                                                                                                                                                                                                                                                                                                                                                                                                                                                                                                                                                                                                                                                                                                                                                                                                                                                                                                                                                                                                ', N'SA16      ', CAST(0x193A0B00 AS Date), CAST(0x07809AF4487A0000 AS Time), CAST(0x0000A4BE00F06C0C AS DateTime))
INSERT [dbo].[BINHLUAN] ([MaBL], [TenNguoiGoi], [NoiDung], [MaSach], [Ngay], [Gio], [NgayGio]) VALUES (N'SA1620150621144129            ', N'ưewrfefew                                                                                           ', N'fewewewcfew                                                                                                                                                                                                                                                                                                                                                                                                                                                                                                                                                                                                                                                                                                                                                                                                                                                                                                                                                                                                                                                                                                                                                                                                                                                                                                                                                                                                                                                                                                                                                                                                                                                                                                                                                                                                                                                                                                                                                                                                                                                                                                                                                                                                                                                                                                                                                                                                                                                                                                                                                                                                                                                                                                                                                                                                                                                                                                                                                                                                                                                                                                             ', N'SA16      ', CAST(0x193A0B00 AS Date), CAST(0x0780F24C247B0000 AS Time), CAST(0x0000A4BE00F21B4C AS DateTime))
INSERT [dbo].[BINHLUAN] ([MaBL], [TenNguoiGoi], [NoiDung], [MaSach], [Ngay], [Gio], [NgayGio]) VALUES (N'SA1620150621144148            ', N'dsdsf                                                                                               ', N'dsfsdfdsf                                                                                                                                                                                                                                                                                                                                                                                                                                                                                                                                                                                                                                                                                                                                                                                                                                                                                                                                                                                                                                                                                                                                                                                                                                                                                                                                                                                                                                                                                                                                                                                                                                                                                                                                                                                                                                                                                                                                                                                                                                                                                                                                                                                                                                                                                                                                                                                                                                                                                                                                                                                                                                                                                                                                                                                                                                                                                                                                                                                                                                                                                                               ', N'SA16      ', CAST(0x193A0B00 AS Date), CAST(0x07001EA02F7B0000 AS Time), CAST(0x0000A4BE00F23190 AS DateTime))
INSERT [dbo].[BINHLUAN] ([MaBL], [TenNguoiGoi], [NoiDung], [MaSach], [Ngay], [Gio], [NgayGio]) VALUES (N'SA1620150621144720            ', N'dssdf                                                                                               ', N'dfcsokfokr                                                                                                                                                                                                                                                                                                                                                                                                                                                                                                                                                                                                                                                                                                                                                                                                                                                                                                                                                                                                                                                                                                                                                                                                                                                                                                                                                                                                                                                                                                                                                                                                                                                                                                                                                                                                                                                                                                                                                                                                                                                                                                                                                                                                                                                                                                                                                                                                                                                                                                                                                                                                                                                                                                                                                                                                                                                                                                                                                                                                                                                                                                              ', N'SA16      ', CAST(0x193A0B00 AS Date), CAST(0x07004C83F57B0000 AS Time), CAST(0x0000A4BE00F3B6A0 AS DateTime))
INSERT [dbo].[BINHLUAN] ([MaBL], [TenNguoiGoi], [NoiDung], [MaSach], [Ngay], [Gio], [NgayGio]) VALUES (N'SA1620150621144917            ', N'ghb fgb                                                                                             ', N'sfergeg                                                                                                                                                                                                                                                                                                                                                                                                                                                                                                                                                                                                                                                                                                                                                                                                                                                                                                                                                                                                                                                                                                                                                                                                                                                                                                                                                                                                                                                                                                                                                                                                                                                                                                                                                                                                                                                                                                                                                                                                                                                                                                                                                                                                                                                                                                                                                                                                                                                                                                                                                                                                                                                                                                                                                                                                                                                                                                                                                                                                                                                                                                                 ', N'SA16      ', CAST(0x193A0B00 AS Date), CAST(0x078014403B7C0000 AS Time), CAST(0x0000A4BE00F43FBC AS DateTime))
INSERT [dbo].[BINHLUAN] ([MaBL], [TenNguoiGoi], [NoiDung], [MaSach], [Ngay], [Gio], [NgayGio]) VALUES (N'SA1620150621145436            ', N'dsfdf                                                                                               ', N'dsfsewdewdfe                                                                                                                                                                                                                                                                                                                                                                                                                                                                                                                                                                                                                                                                                                                                                                                                                                                                                                                                                                                                                                                                                                                                                                                                                                                                                                                                                                                                                                                                                                                                                                                                                                                                                                                                                                                                                                                                                                                                                                                                                                                                                                                                                                                                                                                                                                                                                                                                                                                                                                                                                                                                                                                                                                                                                                                                                                                                                                                                                                                                                                                                                                            ', N'SA16      ', CAST(0x193A0B00 AS Date), CAST(0x07009E63F97C0000 AS Time), CAST(0x0000A4BE00F5B590 AS DateTime))
INSERT [dbo].[BINHLUAN] ([MaBL], [TenNguoiGoi], [NoiDung], [MaSach], [Ngay], [Gio], [NgayGio]) VALUES (N'SA1620150621151343            ', N'cfvbbcbcv                                                                                           ', N'bdgfgdfgdfgfdg                                                                                                                                                                                                                                                                                                                                                                                                                                                                                                                                                                                                                                                                                                                                                                                                                                                                                                                                                                                                                                                                                                                                                                                                                                                                                                                                                                                                                                                                                                                                                                                                                                                                                                                                                                                                                                                                                                                                                                                                                                                                                                                                                                                                                                                                                                                                                                                                                                                                                                                                                                                                                                                                                                                                                                                                                                                                                                                                                                                                                                                                                                          ', N'SA16      ', CAST(0x193A0B00 AS Date), CAST(0x0780ED0DA57F0000 AS Time), CAST(0x0000A4BE00FAF5B4 AS DateTime))
INSERT [dbo].[CONFIG] ([CFID], [BookIndexID], [AccountIndexID], [CommentIndexID], [NewsIndexID]) VALUES (N'CD01      ', 16, 0, 0, 0)
INSERT [dbo].[LOAISACH] ([MaLoai], [TenLoai]) VALUES (N'TP01      ', N'Sách Văn Học Trong Nước')
INSERT [dbo].[LOAISACH] ([MaLoai], [TenLoai]) VALUES (N'TP02      ', N'Sách Văn học Nước Ngoài')
INSERT [dbo].[LOAISACH] ([MaLoai], [TenLoai]) VALUES (N'TP03      ', N'Sách Giáo Khoa')
INSERT [dbo].[LOAISACH] ([MaLoai], [TenLoai]) VALUES (N'TP04      ', N'Sách Kinh Tế')
INSERT [dbo].[LOAISACH] ([MaLoai], [TenLoai]) VALUES (N'TP05      ', N'Tin Học Ngoại Ngữ')
INSERT [dbo].[LOAISACH] ([MaLoai], [TenLoai]) VALUES (N'TP06      ', N'Tạp Chí')
INSERT [dbo].[LOAISACH] ([MaLoai], [TenLoai]) VALUES (N'TP07      ', N'Sách Phát Triển Bản Thân')
INSERT [dbo].[NHAXUATBAN] ([MaNXB], [TenNXB], [DiaChi]) VALUES (N'NXB01     ', N'Firts News', NULL)
INSERT [dbo].[NHAXUATBAN] ([MaNXB], [TenNXB], [DiaChi]) VALUES (N'NXB02     ', N'Kim Đồng', NULL)
INSERT [dbo].[NHAXUATBAN] ([MaNXB], [TenNXB], [DiaChi]) VALUES (N'NXB03     ', N'Thanh Niên', NULL)
INSERT [dbo].[NHAXUATBAN] ([MaNXB], [TenNXB], [DiaChi]) VALUES (N'NXB04     ', N'Lao Động', NULL)
INSERT [dbo].[NHAXUATBAN] ([MaNXB], [TenNXB], [DiaChi]) VALUES (N'NXB05     ', N'NXB Trẻ', NULL)
INSERT [dbo].[NHAXUATBAN] ([MaNXB], [TenNXB], [DiaChi]) VALUES (N'NXB06     ', N'NXB Đại Học Quốc Gia', NULL)
INSERT [dbo].[NHAXUATBAN] ([MaNXB], [TenNXB], [DiaChi]) VALUES (N'NXB07     ', N'NXB Giáo Dục', NULL)
INSERT [dbo].[NHAXUATBAN] ([MaNXB], [TenNXB], [DiaChi]) VALUES (N'NXB08     ', N'NXB Tổng Hợp', NULL)
INSERT [dbo].[NHOMSACH] ([MaNhom], [TenNhom], [Loai]) VALUES (N'NN01      ', N'Phê Bình Văn Học - Trong Nước', N'TP01      ')
INSERT [dbo].[NHOMSACH] ([MaNhom], [TenNhom], [Loai]) VALUES (N'NN02      ', N'Phóng Sự Kí Sự - Trong Nước', N'TP01      ')
INSERT [dbo].[NHOMSACH] ([MaNhom], [TenNhom], [Loai]) VALUES (N'NN03      ', N'Thơ Ca - Trong Nước', N'TP01      ')
INSERT [dbo].[NHOMSACH] ([MaNhom], [TenNhom], [Loai]) VALUES (N'NN04      ', N'Tiểu Thuyết Lãng Mạng - Trong Nước', N'TP01      ')
INSERT [dbo].[NHOMSACH] ([MaNhom], [TenNhom], [Loai]) VALUES (N'NN05      ', N'Truyện Dài - Trong Nước', N'TP01      ')
INSERT [dbo].[NHOMSACH] ([MaNhom], [TenNhom], [Loai]) VALUES (N'NN06      ', N'Truyện Ngắn - Trong Nước', N'TP01      ')
INSERT [dbo].[NHOMSACH] ([MaNhom], [TenNhom], [Loai]) VALUES (N'NN07      ', N'Truyện Thiếu Nhi - Trong Nước', N'TP01      ')
INSERT [dbo].[NHOMSACH] ([MaNhom], [TenNhom], [Loai]) VALUES (N'NN08      ', N'Phê Bình Văn Học - Nước Ngoài', N'TP02      ')
INSERT [dbo].[NHOMSACH] ([MaNhom], [TenNhom], [Loai]) VALUES (N'NN09      ', N'Phóng Sự Kí Sự - Nước Ngoài', N'TP02      ')
INSERT [dbo].[NHOMSACH] ([MaNhom], [TenNhom], [Loai]) VALUES (N'NN10      ', N'Thơ Ca - Nước Ngoài', N'TP02      ')
INSERT [dbo].[NHOMSACH] ([MaNhom], [TenNhom], [Loai]) VALUES (N'NN11      ', N'Tiểu Thuyết Lãng Mạn - Nước Ngoài', N'TP02      ')
INSERT [dbo].[NHOMSACH] ([MaNhom], [TenNhom], [Loai]) VALUES (N'NN12      ', N'Truyện Dài - Nước Ngoài', N'TP02      ')
INSERT [dbo].[NHOMSACH] ([MaNhom], [TenNhom], [Loai]) VALUES (N'NN13      ', N'Truyện Ngắn - Nước Ngoài', N'TP02      ')
INSERT [dbo].[NHOMSACH] ([MaNhom], [TenNhom], [Loai]) VALUES (N'NN14      ', N'Truyện Thiếu Nhi - Nước Ngoài', N'TP02      ')
INSERT [dbo].[NHOMSACH] ([MaNhom], [TenNhom], [Loai]) VALUES (N'NN15      ', N'Cấp 1', N'TP03      ')
INSERT [dbo].[NHOMSACH] ([MaNhom], [TenNhom], [Loai]) VALUES (N'NN16      ', N'Cấp 2', N'TP03      ')
INSERT [dbo].[NHOMSACH] ([MaNhom], [TenNhom], [Loai]) VALUES (N'NN17      ', N'Cấp 3', N'TP03      ')
INSERT [dbo].[NHOMSACH] ([MaNhom], [TenNhom], [Loai]) VALUES (N'NN18      ', N'Đại Học', N'TP03      ')
INSERT [dbo].[NHOMSACH] ([MaNhom], [TenNhom], [Loai]) VALUES (N'NN19      ', N'Marketing', N'TP04      ')
INSERT [dbo].[NHOMSACH] ([MaNhom], [TenNhom], [Loai]) VALUES (N'NN20      ', N'Ngoại Thương', N'TP04      ')
INSERT [dbo].[NHOMSACH] ([MaNhom], [TenNhom], [Loai]) VALUES (N'NN21      ', N'Nhân Sự', N'TP04      ')
INSERT [dbo].[NHOMSACH] ([MaNhom], [TenNhom], [Loai]) VALUES (N'NN22      ', N'Tài Chính', N'TP04      ')
INSERT [dbo].[NHOMSACH] ([MaNhom], [TenNhom], [Loai]) VALUES (N'NN23      ', N'Quản Trị', N'TP04      ')
INSERT [dbo].[NHOMSACH] ([MaNhom], [TenNhom], [Loai]) VALUES (N'NN24      ', N'Văn Bản Luật', N'TP04      ')
INSERT [dbo].[NHOMSACH] ([MaNhom], [TenNhom], [Loai]) VALUES (N'NN25      ', N'Tiếng Anh', N'TP05      ')
INSERT [dbo].[NHOMSACH] ([MaNhom], [TenNhom], [Loai]) VALUES (N'NN26      ', N'Tiếng Nhật', N'TP05      ')
INSERT [dbo].[NHOMSACH] ([MaNhom], [TenNhom], [Loai]) VALUES (N'NN27      ', N'Từ Điển', N'TP05      ')
INSERT [dbo].[NHOMSACH] ([MaNhom], [TenNhom], [Loai]) VALUES (N'NN28      ', N'Lập Trình', N'TP05      ')
INSERT [dbo].[NHOMSACH] ([MaNhom], [TenNhom], [Loai]) VALUES (N'NN29      ', N'Mạng', N'TP05      ')
INSERT [dbo].[NHOMSACH] ([MaNhom], [TenNhom], [Loai]) VALUES (N'NN30      ', N'Hệ Điều Hành', N'TP05      ')
INSERT [dbo].[NHOMSACH] ([MaNhom], [TenNhom], [Loai]) VALUES (N'NN31      ', N'Công Nghệ', N'TP06      ')
INSERT [dbo].[NHOMSACH] ([MaNhom], [TenNhom], [Loai]) VALUES (N'NN32      ', N'Tiếp Thị Gia Đình', N'TP06      ')
INSERT [dbo].[NHOMSACH] ([MaNhom], [TenNhom], [Loai]) VALUES (N'NN33      ', N'Phụ Nữ', N'TP06      ')
INSERT [dbo].[NHOMSACH] ([MaNhom], [TenNhom], [Loai]) VALUES (N'NN34      ', N'Văn Hóa', N'TP06      ')
INSERT [dbo].[NHOMSACH] ([MaNhom], [TenNhom], [Loai]) VALUES (N'NN35      ', N'Sách Học Làm Người', N'TP07      ')
INSERT [dbo].[NHOMSACH] ([MaNhom], [TenNhom], [Loai]) VALUES (N'NN36      ', N'Danh Nhân Văn Hóa', N'TP07      ')
INSERT [dbo].[NHOMSACH] ([MaNhom], [TenNhom], [Loai]) VALUES (N'NN37      ', N'Hồi Ký', N'TP07      ')
INSERT [dbo].[NHOMSACH] ([MaNhom], [TenNhom], [Loai]) VALUES (N'NN38      ', N'Khoa Học', N'TP07      ')
INSERT [dbo].[NHOMSACH] ([MaNhom], [TenNhom], [Loai]) VALUES (N'NN39      ', N'Triết Gia - Chính Trị Gia - Nhà Quân Sự', N'TP07      ')
INSERT [dbo].[SACH] ([MaSach], [STT], [TenSach], [NhaXuatBan], [TacGia], [NhomSach], [GioiThieuSach], [ThongTinMoTa], [SoTrang], [GiaBan], [TrangBia], [LuotDanhGia], [DanhGia], [LuotXem], [LuotMua], [TinhTrang]) VALUES (N'SA1       ', 1, N'Đắc Nhân Tâm                                                                                                                                                                                            ', N'NXB01     ', N'Dale Carnegie                                                                                       ', N'NN11      ', NULL, NULL, 320, 68000, N'/Images/Items/item_0_dac-nhan-tam.jpg                                                                                           ', 0, 0, 0, 0, N'Còn Hàng            ')
INSERT [dbo].[SACH] ([MaSach], [STT], [TenSach], [NhaXuatBan], [TacGia], [NhomSach], [GioiThieuSach], [ThongTinMoTa], [SoTrang], [GiaBan], [TrangBia], [LuotDanhGia], [DanhGia], [LuotXem], [LuotMua], [TinhTrang]) VALUES (N'SA10      ', 10, N'Hạt Gống Tâm Hồn - Tập 2                                                                                                                                                                                ', N'NXB01     ', N'Nhiều tác giả                                                                                       ', N'NN21      ', NULL, NULL, 168, 36000, N'/Images/Items/item_1_gat-giong-tam-hon-2.jpg                                                                                    ', 0, 0, 2, 0, N'Còn Hàng            ')
INSERT [dbo].[SACH] ([MaSach], [STT], [TenSach], [NhaXuatBan], [TacGia], [NhomSach], [GioiThieuSach], [ThongTinMoTa], [SoTrang], [GiaBan], [TrangBia], [LuotDanhGia], [DanhGia], [LuotXem], [LuotMua], [TinhTrang]) VALUES (N'SA12      ', 12, N'Tư Duy Tích Cực - Bạn Chính Là Những Gì Bạn Nghĩ!                                                                                                                                                       ', N'NXB05     ', N'Nhiều tác giả                                                                                       ', N'NN21      ', NULL, NULL, 142, 39000, N'/Images/Items/item_7_Tu-duy-tich-cuc.jpg                                                                                        ', 0, 0, 4, 0, N'Còn Hàng            ')
INSERT [dbo].[SACH] ([MaSach], [STT], [TenSach], [NhaXuatBan], [TacGia], [NhomSach], [GioiThieuSach], [ThongTinMoTa], [SoTrang], [GiaBan], [TrangBia], [LuotDanhGia], [DanhGia], [LuotXem], [LuotMua], [TinhTrang]) VALUES (N'SA13      ', 13, N'Hy Du Ký                                                                                                                                                                                                ', N'NXB02     ', N'Tinh Dã Anh                                                                                         ', N'NN12      ', NULL, NULL, 572, 135000, N'/Images/Items/item_0_hy-du-ki.jpg                                                                                               ', 0, 0, 1, 0, N'Còn Hàng            ')
INSERT [dbo].[SACH] ([MaSach], [STT], [TenSach], [NhaXuatBan], [TacGia], [NhomSach], [GioiThieuSach], [ThongTinMoTa], [SoTrang], [GiaBan], [TrangBia], [LuotDanhGia], [DanhGia], [LuotXem], [LuotMua], [TinhTrang]) VALUES (N'SA14      ', 13, N'Bạn Có Thể Trở Thành Ông Chủ                                                                                                                                                                            ', N'NXB04     ', N'Tống Lập Dân                                                                                        ', N'NN35      ', N'Công việc là một trong những vấn đề quan trọng nhất trong cuộc sống con người. Chúng ta thể hiện bản thân thông qua công việc. Ý nghĩa của công việc chính là kế hoạch sống và mục tiêu sống của mỗi người.

Công việc không chỉ là những hoạt động của bạn ở nơi làm việc. Dù lúc này bạn đang ở vị trí nào trong xã hội, chỉ cần biết thể hiện bản lĩnh, biết kiểm soát cảm xúc, biết sống khôn ngoan và cao thượng, bạn sẽ trở thành người được tôn trọng, được yêu mến và thành công. Nếu trong lĩnh vực kinh doanh, bạn sẽ trở thành ông chủ.', NULL, 200, 59000, N'/Images/Items/item_0_ban-co-the-tro-thanh-ong-chu.jpg                                                                           ', 0, 0, 1, 0, N'Còn Hàng            ')
INSERT [dbo].[SACH] ([MaSach], [STT], [TenSach], [NhaXuatBan], [TacGia], [NhomSach], [GioiThieuSach], [ThongTinMoTa], [SoTrang], [GiaBan], [TrangBia], [LuotDanhGia], [DanhGia], [LuotXem], [LuotMua], [TinhTrang]) VALUES (N'SA15      ', 14, N'Mật Mã Tài Năng                                                                                                                                                                                         ', N'NXB03     ', N'Daniel Coyle                                                                                        ', N'NN35      ', N'Dù bạn đang huấn luyện cho một đội bóng bầu dục hay dạy một đứa trẻ chơi đàn piano, viết tiểu thuyết hay cố gắng cải thiện cú vung gậy trong môn bóng chày thì cuốn sách mang tính cách mạng này sẽ chỉ cho bạn biết cách nuôi dưỡng và phát triển tài năng thông qua việc khai thác và sử dụng một cơ chế mới được khám phá của não bộ.

Dựa trên những thành tựu xuất sắc của ngành thần kinh học và nghiên cứu mới nhất trong quá trình đi tới 9 địa chỉ sản sinh ra rất nhiều tài năng của thế giới – từ sân bóng chày ở vùng Ca-ri-bê đến học viện âm nhạc cổ điển phía bắc New York – Coyle đã chỉ ra 3 yếu tố then chốt cho phép bạn phát triển tài năng và tối ưu hóa khả năng của mình trong các lĩnh vực thể thao, nghệ thuật, âm nhạc, toán học hay bất kỳ điều gì khác.', NULL, 348, 89000, N'/Images/Items/item_0_mat-ma-tai-nang.jpg                                                                                        ', 0, 0, 18, 0, N'Còn Hàng            ')
INSERT [dbo].[SACH] ([MaSach], [STT], [TenSach], [NhaXuatBan], [TacGia], [NhomSach], [GioiThieuSach], [ThongTinMoTa], [SoTrang], [GiaBan], [TrangBia], [LuotDanhGia], [DanhGia], [LuotXem], [LuotMua], [TinhTrang]) VALUES (N'SA16      ', 15, N'Trí Tuệ Kinh Doanh Của Người Nhật (Tái Bản 2015)                                                                                                                                                        ', N'NXB04     ', N'Lý Chí Nông                                                                                         ', N'NN20      ', N'Cuốn sách này sẽ giúp bạn hiểu được quan niệm, triết lý và đạo đức kinh doanh của người Nhật, từ đó lý giải nguyên nhân dẫn đến thành công vượt trội của họ trên thương trường. Từ những bài học kinh nghiệm của doanh nhân Nhật trong các lĩnh vực quản lý, nhân sự, đàm phán…, bạn sẽ tìm thấy những chỉ dẫn khôn ngoan trong hoạt động kinh doanh và trong cuộc sống đời thường. Từ con đường thành công của những nhà lãnh đạo doanh nghiệp tài ba được đề cập trong sách, bạn cũng sẽ có được rất nhiều ý tưởng và sự gợi mở cho chính mình', N'Ngày càng nhiều sản phẩm công nghệ của Nhật Bản có mặt trong đời sống thường ngày của chúng ta đã khẳng định sức cạnh tranh của nền kinh tế Nhật Bản, và qua đó, gây nên một trào lưu mạnh mẽ quan tâm nghiên cứu về trí tuệ và tính cách Nhật Bản trên khắp thế giới. Điều gì đã làm nên hiện tượng được gọi là “thần kỳ kinh tế” Nhật Bản kéo dài suốt mấy thập niên? Doanh nhân Nhật Bản đã làm thế nào để vươn lên từ những đổ nát điêu tàn của Thế chiến thứ Hai và chiếm lĩnh vị thế vững vàng trên thị trường sản phẩm công nghệ của ngày hôm nay?', 320, 80000, N'/Images/Items/item_1_tri tue kinh doanh nhat.png                                                                                ', 0, 0, 22, 0, N'Còn Hàng            ')
INSERT [dbo].[SACH] ([MaSach], [STT], [TenSach], [NhaXuatBan], [TacGia], [NhomSach], [GioiThieuSach], [ThongTinMoTa], [SoTrang], [GiaBan], [TrangBia], [LuotDanhGia], [DanhGia], [LuotXem], [LuotMua], [TinhTrang]) VALUES (N'SA17      ', 16, N'Quản Trị Doanh Nghiệp - Để Trở Thành Một Thủ Trưởng Tài Ba - Các Quy Tắc Để Có Được Và Duy Trì Các Nhân Viên Giỏi Nhất                                                                                  ', N'NXB03     ', N'Jeffrey J. Fox                                                                                      ', N'NN22      ', N'Cuốn sách này với những bí mật của sự thành công có thể làm cho bạn ngạc nhiên... bởi sách đề cập những vấn đề thiết thực cần cho người lãnh đạo mới ngày nay, thông qua các nội dung có trong sách mà tác giả muốn giới thiệu đến bạn:

- Công thức thành công đơn giản của thủ trưởng tài ba

-Các công ty làm những gì thủ trưởng làm

- Khách hàng là thủ trưởng thực sự 

- Chuẩn bị họ, trau dồi họ - Thủ trưởng mới không cần quét sạch

- Chú ý- Luôn lắng nghe mọi ngời- Hứa loèi, giữ lời', NULL, 147, 21000, N'/Images/Items/item_0_quan-tri-doanh-nghiep.jpg                                                                                  ', 0, 0, 3, 0, N'Còn Hàng            ')
INSERT [dbo].[SACH] ([MaSach], [STT], [TenSach], [NhaXuatBan], [TacGia], [NhomSach], [GioiThieuSach], [ThongTinMoTa], [SoTrang], [GiaBan], [TrangBia], [LuotDanhGia], [DanhGia], [LuotXem], [LuotMua], [TinhTrang]) VALUES (N'SA2       ', 2, N'Dám nghĩ lớn!                                                                                                                                                                                           ', N'NXB01     ', N'David J. Schwartz. Ph.D                                                                             ', N'NN19      ', NULL, NULL, 360, 84000, N'/Images/Items/item_7_dam-nghi-lon.jpg                                                                                           ', 0, 0, 0, 0, N'Còn Hàng            ')
INSERT [dbo].[SACH] ([MaSach], [STT], [TenSach], [NhaXuatBan], [TacGia], [NhomSach], [GioiThieuSach], [ThongTinMoTa], [SoTrang], [GiaBan], [TrangBia], [LuotDanhGia], [DanhGia], [LuotXem], [LuotMua], [TinhTrang]) VALUES (N'SA3       ', 3, N'Tôi Tài Giỏi, Bạn Cũng Thế!                                                                                                                                                                             ', N'NXB01     ', N'Adam Khoo                                                                                           ', N'NN21      ', NULL, NULL, 304, 110000, N'/Images/Items/item_0_toi-tai-gioi.jpg                                                                                           ', 0, 0, 2, 0, N'Còn Hàng            ')
INSERT [dbo].[SACH] ([MaSach], [STT], [TenSach], [NhaXuatBan], [TacGia], [NhomSach], [GioiThieuSach], [ThongTinMoTa], [SoTrang], [GiaBan], [TrangBia], [LuotDanhGia], [DanhGia], [LuotXem], [LuotMua], [TinhTrang]) VALUES (N'SA4       ', 4, N'Một Giờ Để Sống                                                                                                                                                                                         ', N'NXB01     ', N'Kristine Carlson, Richard Carlson                                                                   ', N'NN11      ', NULL, NULL, 74, 70000, N'/Images/Items/item_0_mt-gio-de-song.jpg                                                                                         ', 0, 0, 0, 0, N'Còn Hàng            ')
INSERT [dbo].[SACH] ([MaSach], [STT], [TenSach], [NhaXuatBan], [TacGia], [NhomSach], [GioiThieuSach], [ThongTinMoTa], [SoTrang], [GiaBan], [TrangBia], [LuotDanhGia], [DanhGia], [LuotXem], [LuotMua], [TinhTrang]) VALUES (N'SA5       ', 5, N'Steve Jobs & Những bí quyết thành công                                                                                                                                                                  ', N'NXB01     ', N'Li Shangqing                                                                                        ', N'NN19      ', NULL, NULL, 280, 75000, N'/Images/Items/item_0_steve-job.jpg                                                                                              ', 0, 0, 0, 0, N'Còn Hàng            ')
INSERT [dbo].[SACH] ([MaSach], [STT], [TenSach], [NhaXuatBan], [TacGia], [NhomSach], [GioiThieuSach], [ThongTinMoTa], [SoTrang], [GiaBan], [TrangBia], [LuotDanhGia], [DanhGia], [LuotXem], [LuotMua], [TinhTrang]) VALUES (N'SA6       ', 6, N'Hạt Gống Tâm Hồn - Tập 1                                                                                                                                                                                ', N'NXB01     ', N'Nhiều tác giả                                                                                       ', N'NN21      ', NULL, NULL, 168, 48000, N'/Images/Items/item_0_hat-giong-tam-hon-1.jpg                                                                                    ', 0, 0, 0, 0, N'Còn Hàng            ')
INSERT [dbo].[SACH] ([MaSach], [STT], [TenSach], [NhaXuatBan], [TacGia], [NhomSach], [GioiThieuSach], [ThongTinMoTa], [SoTrang], [GiaBan], [TrangBia], [LuotDanhGia], [DanhGia], [LuotXem], [LuotMua], [TinhTrang]) VALUES (N'SA8       ', 8, N'Cho Tôi Xin Một Vé Về Tuổi Thơ                                                                                                                                                                          ', N'NXB01     ', N'Nguyễn Nhật Ánh                                                                                     ', N'NN06      ', NULL, NULL, 218, 48000, N'/Images/Items/item_0_Cho-toi-xin-ve-ve-tuoi-tho.jpg                                                                             ', 0, 0, 1, 0, N'Còn Hàng            ')
INSERT [dbo].[SACH] ([MaSach], [STT], [TenSach], [NhaXuatBan], [TacGia], [NhomSach], [GioiThieuSach], [ThongTinMoTa], [SoTrang], [GiaBan], [TrangBia], [LuotDanhGia], [DanhGia], [LuotXem], [LuotMua], [TinhTrang]) VALUES (N'SA9       ', 9, N'Cô Gái Đến Từ Hôm Qua                                                                                                                                                                                   ', N'NXB05     ', N'Nguyễn Nhật Ánh                                                                                     ', N'NN06      ', NULL, NULL, 175, 45000, N'/Images/Items/item_0_co-gai-den-tu-hom-qua.jpg                                                                                  ', 0, 0, 1, 0, N'Còn Hàng            ')
INSERT [dbo].[TINTUC] ([ID], [TIEUDE], [TOMTAT], [NOIDUNG], [NGAYTAO], [TACGIA], [MINHHOA]) VALUES (N'1         ', N'Phạm Thị Ngọc Thanh và những giấc mơ cổ tích ', N'5000 bản sách được bán hết chỉ trong hai tuần đầu tiên sau khi ra mắt. Sau hiện tượng thơ Nguyễn Phong Việt, làng thơ trẻ lại xôn xao với tác giả Phạm Thị Ngọc Thanh. ', N'Phạm Thị Ngọc Thanh được đông đảo bạn đọc biết tới từ tiểu thuyết Ba bước tới mặt trời năm 2013. Đó là một tiểu thuyết đậm chất thơ và nhạc, đưa người đọc lên chuyến tàu ngược về những năm tháng dấu yêu xưa. Tiếp đó, đầu tháng 1/2015, tập thơ Chúng mình có thể bắt đầu không? đã gây ấn tượng bởi hơn ngàn bản in được bán hết chỉ trong vài ngày ra mắt. Trang facebook cá nhân của tác giả nhanh chóng có hơn mười ba nghìn bạn theo dõi. Khi mình đi qua nhau Khi mình đi qua nhau gồm 68 bài thơ giống như một dòng chảy cảm xúc, lúc cồn cào khi yên lặng. Tập thơ viết về sự chia ly, hội ngộ, đau khổ, hạnh phúc... một cách chân thực và sâu sắc. “Cuộc đời đôi khi chỉ ước/ Mình là vai chính của nhau/ Đi hết phim trường đi vọng/ Cũng không phai vị phai màu/ Cuộc đời đôi khi vẫn có/ Những người không hẹn mà quen/ Những người không mong mà gặp / Và ta vẫn cứ đi tìm...". Những câu thơ trong tập sách đã được rất đông bạn trẻ thuộc và chia sẻ. Đó vẫn là những giai điệu buồn được dệt nên từ tâm hồn của một người đàn bà nhạy cảm và nhiều thương vay. Nhưng những giai điệu buồn ấy phảng phất một vẻ đẹp khó tả. Tập thơ mới của Phạm Thị Ngọc Thanh sử dụng nhiều thể loại thơ. Nhưng dù là thơ 5 chữ, 6 chữ, 7 chữ hay thơ tự do, cô đều viết đầy cảm xúc, nói lên tâm sự của nhiều người. “Đến một lúc nào đó chỉ còn muốn lặng im/ Không nói lại câu nào, không đôi co, không trách cứ / Mọi lời nói dù cay nghiệt cỡ nào cũng không còn đau nữa/ Mọi cử chỉ đều thừa , ánh mắt cũng cô đơn/ Đến một lúc mà hai ta giống như hai bức tường/ Sững sững đứng trông nhau mà lòng đâu còn ngày tháng cũ/ Trong trái tim không còn gì, dẫu là một màu tro của lửa/ Ấm áp đủ đầy cũng đã xa xôi...”

', CAST(0xCB390B00 AS Date), N'Minh Quân', N'/Images/News/1.jpg')
INSERT [dbo].[TINTUC] ([ID], [TIEUDE], [TOMTAT], [NOIDUNG], [NGAYTAO], [TACGIA], [MINHHOA]) VALUES (N'2         ', N'Ma cà rồng và em', N'

"Ma cà rồng và em" là tác phẩm kể về câu chuyện tình lãng mạn, đầy bí hiểm giữa chàng trai thủ lĩnh ma cà rồng và nữ sinh trung học.

Ma cà rồng và em là tác phẩm đầu tay của tác giả Shin Ji-Eun. Cô từng là sinh viên chuyên ngành kỹ thuật, nhưng có sở thích viết lách. ', N'Ma cà rồng và em là tác phẩm đầu tay của tác giả Shin Ji-Eun. Cô từng là sinh viên chuyên ngành kỹ thuật, nhưng có sở thích viết lách. Shin Ji-Eun thích những thứ phiêu lưu và các sự cố phi thực tế. Do đó, cô chọn ma ca rồng là chủ đề chính trong tác phẩm này. Sau khi giành được sự ủng hộ của nhiều fan trên web, cô quyết định tiếp tục viết nhiều tác phẩm liên quan đến chủ đề này. Ma cà rồng và em kể về câu chuyện tình đặc biệt giữa chàng trai ma cà rồng và nữ sinh trung học. Louis - ma cà rồng đẹp trai và cũng là người đứng đầu trong thế giới đầy sợ hãi. Chàng xuất hiện trở lại trong thế giới loài người để thực hiện nhiệm vụ của mình là trở thành Chúa tể loài này. Để đạt được ngôi vị, Louis phải tìm ra bí mật của hoa ma cà rồng. Seo-Young là nữ sinh trung học bình thường. Cô mồ côi, nhưng luôn sống vui vẻ, lạc quan.

', CAST(0x5A390B00 AS Date), N'Linh Nguyên', N'/Images/News/2.jpg')
INSERT [dbo].[TINTUC] ([ID], [TIEUDE], [TOMTAT], [NOIDUNG], [NGAYTAO], [TACGIA], [MINHHOA]) VALUES (N'3         ', N'Đừng đợi đến tốt nghiệp đại học', N'Ra trường cùng lúc, bằng cấp giống nhau nhưng người này có quá nhiều sự lựa chọn còn người kia nộp đơn xin việc vào vị trí nào cũng bị từ chối ngay từ vòng đầu tiên; Người hứng khởi, tự tin người lại sợ hãi, hoang mang. Vì sao vậy?', N'Ra trường cùng lúc, bằng cấp giống nhau nhưng người này có quá nhiều sự lựa chọn còn người kia nộp đơn xin việc vào vị trí nào cũng bị từ chối ngay từ vòng đầu tiên; Người hứng khởi, tự tin người lại sợ hãi, hoang mang. Vì sao vậy? Bởi họ đã có sự khác nhau rất rõ về ý thức khi đang ngồi trên ghế giảng đường. Có người nghĩ rằng vào được đại học là chắc chắn được một nghề nghiệp trong tay; người nghĩ rằng mình học giỏi, các môn thi kỳ nào cũng đạt điểm cao nên sớm ảo tưởng vào sức mạnh bản thân và khi sự việc không như ý xảy ra ngay lập tức đổ lỗi cho hoàn cảnh; người rất linh hoạt, tỉnh táo, sớm nhận ra được rằng ngoài kiến thức sách vở ra còn phải học hỏi thêm nhiều kiến thức khác và đặc biệt phải có sự va chạm, đối mặt với thực tế... Để rồi từ đó một cuộc sống "sau đại học" diễn ra với nhiều sắc thái, tâm trạng, tình thế khác nhau.', CAST(0x6E390B00 AS Date), N'Trúc Ngân', N'/Images/News/3.jpg')
INSERT [dbo].[TINTUC] ([ID], [TIEUDE], [TOMTAT], [NOIDUNG], [NGAYTAO], [TACGIA], [MINHHOA]) VALUES (N'4         ', N'Chí Phèo và facebook', N'Võ Tòng Đánh Mèo tên thật Đinh Long, sinh năm 1982, cựu sinh viên Đại học Ngoại ngữ Hà Nội. Anh là cây viết được biết đến với những tác phẩm hiện thực vừa hài hước vừa trầm lắng.', N'Võ Tòng Đánh Mèo tên thật Đinh Long, sinh năm 1982, cựu sinh viên Đại học Ngoại ngữ Hà Nội. Anh là cây viết được biết đến với những tác phẩm hiện thực vừa hài hước vừa trầm lắng. Anh gây ấn tượng bởi phong cách viết qua các tác phẩm trào phúng: Làm dâu phố cổ, Vợ tôi ốm nghén, Bí quyết giữ chồng... được chia sẻ trên Facebook, blog, các trang báo mạng về văn học, giải trí, phụ nữ và gia đình... Tiếp nối thành công của tác phẩm đầu tay Cười rồi khóc, khóc rồi cười, cuốn sách thứ 2 có tên Chí Phèo và Facebook ra đời, tổng hợp những câu chuyện hài hước. Nếu ở Cười rồi khóc, khóc rồi cười, ý nghĩa thông điệp được đặt lên trên và tất cả các nụ cười đều phục vụ cho những thông điệp và hàm ý mà câu chuyện muốn truyền tải, thì Chí Phèo và Facebook hoàn toàn ngược lại.

', CAST(0x9A3A0B00 AS Date), N'Tuyền Minh', N'/Images/News/4.jpg')
INSERT [dbo].[TINTUC] ([ID], [TIEUDE], [TOMTAT], [NOIDUNG], [NGAYTAO], [TACGIA], [MINHHOA]) VALUES (N'5         ', N'Sách hướng dẫn dạy con thời công nghệ số', N'Đây là cuốn sách của tiến sĩ giáo dục, bác sĩ tâm thần trẻ em, thanh thiếu niên Hàn Quốc - Shin Yee Jin. Cuốn sách đưa ra những cái nhìn đa chiều, sâu sắc về vấn đề đã và đang gây tranh cãi từ nhiều năm nay: Các thiết bị công nghệ kĩ thuật số có thực sự cần thiết cho trẻ?', N'Đây là cuốn sách của tiến sĩ giáo dục, bác sĩ tâm thần trẻ em, thanh thiếu niên Hàn Quốc - Shin Yee Jin. Cuốn sách đưa ra những cái nhìn đa chiều, sâu sắc về vấn đề đã và đang gây tranh cãi từ nhiều năm nay: Các thiết bị công nghệ kĩ thuật số có thực sự cần thiết cho trẻ? Nội dung cuốn sách đề cập những vấn đề mà Hàn Quốc (mạnh về công nghệ) đang phải đối diện. Đó là thế hệ những người “cúi đầu” ngày càng nhiều. Những đứa trẻ “trưởng thành giả”, “thông minh sáo rỗng” và mắc hội chứng tăng động giảm chú ý, tự kỷ… ngày càng gia tăng theo cấp số nhân trong xã hội. Từ hiện trạng đó, tác giả tìm hiểu hàng loạt nguyên nhân và đưa ra kết luận, đó là các bậc cha mẹ đã quá hồn nhiên đến mức lạm dụng đồ công nghệ trong quá trình nuôi dạy con.

', CAST(0xCC390B00 AS Date), N'Vũ Hân', N'/Images/News/5.jpg')
INSERT [dbo].[TINTUC] ([ID], [TIEUDE], [TOMTAT], [NOIDUNG], [NGAYTAO], [TACGIA], [MINHHOA]) VALUES (N'6         ', N'Hạnh phúc không dành cho tình nhân', N'Sau thành công của cuốn Đừng chết vì yêu, tác giả Mèo Xù - tên thật là Nguyễn Thị Thắm, sinh năm 1987 - tiếp tục cho ra mắt một cuốn sách thứ hai: Hạnh phúc không dành cho tình nhân.', N'Sau thành công của cuốn Đừng chết vì yêu, tác giả Mèo Xù - tên thật là Nguyễn Thị Thắm, sinh năm 1987 - tiếp tục cho ra mắt một cuốn sách thứ hai: Hạnh phúc không dành cho tình nhân.

Cuốn sách khai thác đề tài ngoại tình. Tuy nhiên, tác giả không tập trung kể về một câu chuyện tình tay ba như nhiều tác phẩm khác. Hạnh phúc không dành cho tình nhân giống như một lời tự sự đầy day dứt của những kẻ chưa bao giờ được xã hội thừa nhận và tôn trọng. ', CAST(0x72390B00 AS Date), N'Vũ Linh', N'/Images/News/6.jpg')
INSERT [dbo].[TINTUC] ([ID], [TIEUDE], [TOMTAT], [NOIDUNG], [NGAYTAO], [TACGIA], [MINHHOA]) VALUES (N'7         ', N'Nhà văn của thế hệ trẻ Israel tới Việt Nam', N'Sinh năm 1967 tại Ramat Gan, Etgar Keret là bậc thầy tài tình và chân thực về truyện ngắn. Ông nhiều lần giành được giải thưởng Bạch kim của Hiệp hội xuất bản sách, Giải thưởng Wingate (Anh, 2008), Giải thưởng được yêu thích của Thư viện St Peterburg (2010), giải Newman (2012)... Những bài đánh giá về tác phẩm của ông viết trên các tạp chí New York ', N'Sinh năm 1967 tại Ramat Gan, Etgar Keret là bậc thầy tài tình và chân thực về truyện ngắn. Ông nhiều lần giành được giải thưởng Bạch kim của Hiệp hội xuất bản sách, Giải thưởng Wingate (Anh, 2008), Giải thưởng được yêu thích của Thư viện St Peterburg (2010), giải Newman (2012)... Những bài đánh giá về tác phẩm của ông viết trên các tạp chí New York Times, Le Monde, The New Yorker, The Guardian, The Paris Review và Zoetrope. Trên 60 phim ngắn đã được dựng dựa vào truyện ngắn của ông. Sách của ông được xuất bản bằng 36 thứ tiếng trên 39 quốc gia. Năm 2007, Keret và Shira Geffen chiến thắng hạng mục "Camera d''Or" cho bộ phim Jellyfish trong liên hoan phim Cannes.

', CAST(0xC93A0B00 AS Date), N'Hạnh Nhân', N'/Images/News/7.jpg')
INSERT [dbo].[TINTUC] ([ID], [TIEUDE], [TOMTAT], [NOIDUNG], [NGAYTAO], [TACGIA], [MINHHOA]) VALUES (N'8         ', N'''Ngày xưa có một con Bò'' ', N'Camilo Cruz, PhD - tác giả cuốn sách - là nhà đào tạo doạnh nghiệp, nhà chiến lược cuộc đời, và là diễn giả nổi tiếng. Thông qua "Ngày xưa có một con Bò", ông chỉ ra cho chúng ta thấy nguyên nhân tại sao nhiều người suốt đời cam chịu một cuộc sống trung bình, thậm chí tầm thường.', N'Lấy cảm hứng từ truyện ngụ ngôn đơn giản nhưng có tác động mạnh mẽ, cuốn sách cho bạn một nhãn quan mới để khuyến khích có đầy đủ trách nhiệm đối với khả năng thực sự của mình và nắm bắt được nó; đồng thời cung cấp một kế hoạch từng bước để sống cuộc đời dễ dàng thực hiện mọi giấc mơ. Tác giả nhấn mạnh: Đừng để cuộc sống trôi qua. Hãy đột phá và giải phóng mình khỏi những con Bò của bản thân, và bảo đảm rằng, bạn không kết thúc cuộc đời giống những người khác - trong những ngày cuối đời mới nhìn lại và ân hận, buồn rầu vì đã bỏ lỡ mọi cơ hội. Hãy tham gia vào mỗi chuyến phiêu lưu với một niềm hứng khởi mới. Hãy thử thách những chuẩn mực. Phá vỡ một số quy luật. Hãy sống một cuộc đời không có Bò.

', CAST(0xA83A0B00 AS Date), N'Kiên Quang', N'/Images/News/8.jpg')
ALTER TABLE [dbo].[BINHLUAN]  WITH CHECK ADD  CONSTRAINT [FK_BINHLUAN_SACH] FOREIGN KEY([MaSach])
REFERENCES [dbo].[SACH] ([MaSach])
GO
ALTER TABLE [dbo].[BINHLUAN] CHECK CONSTRAINT [FK_BINHLUAN_SACH]
GO
ALTER TABLE [dbo].[NHOMSACH]  WITH CHECK ADD  CONSTRAINT [FK_NHOMSACH_LOAISACH] FOREIGN KEY([Loai])
REFERENCES [dbo].[LOAISACH] ([MaLoai])
GO
ALTER TABLE [dbo].[NHOMSACH] CHECK CONSTRAINT [FK_NHOMSACH_LOAISACH]
GO
ALTER TABLE [dbo].[SACH]  WITH CHECK ADD  CONSTRAINT [FK_SACH_NHAXUATBAN] FOREIGN KEY([NhaXuatBan])
REFERENCES [dbo].[NHAXUATBAN] ([MaNXB])
GO
ALTER TABLE [dbo].[SACH] CHECK CONSTRAINT [FK_SACH_NHAXUATBAN]
GO
ALTER TABLE [dbo].[SACH]  WITH CHECK ADD  CONSTRAINT [FK_SACH_NHOMSACH] FOREIGN KEY([NhomSach])
REFERENCES [dbo].[NHOMSACH] ([MaNhom])
GO
ALTER TABLE [dbo].[SACH] CHECK CONSTRAINT [FK_SACH_NHOMSACH]
GO
USE [master]
GO
ALTER DATABASE [QLSach] SET  READ_WRITE 
GO
